{
  "volume": 0.25333333333333335,
  "intensity": 0.7433333333333333,
  "suppress_notifications": true
}
